{
  "run_id": "20251129T214814Z",
  "accepted": 50,
  "rejected": 25,
  "model_stats": {
    "flan-t5": {
      "requested": 87,
      "accepted": 36,
      "total_latency_ms": 156022.4940776825
    },
    "bloom": {
      "requested": 23,
      "accepted": 14,
      "total_latency_ms": 34777.355670928955
    }
  },
  "dataset_dir": "datasets\\run_20251129T214814Z"
}